counts	word
219	die
185	das
167	der
161	es
157	den
136	und
126	in
115	auch
107	dies
106	ein
99	sie
97	diese
94	zu
90	eine
85	von
83	ist
69	an
68	dem
68	wie
65	ich
58	für
55	im
54	so
53	des
52	dann
51	hat
50	diesen
50	einen
49	wir
49	hier
48	sind
48	er
47	bei
47	man
46	dass
46	werden
45	haben
45	mit
44	aber
42	um
42	dieser
41	noch
40	wird
36	sich
36	wenn
34	denn
34	als
33	auf
32	ja
32	einer
31	damit
30	können
29	schon
29	dieses
28	wurde
28	soll
28	jetzt
27	sei
27	nicht
26	nun
25	was
25	aus
24	oder
24	welche
24	uns
23	nach
23	dort
23	wurden
22	am
22	einem
21	zum
21	durch
21	beim
21	weiter
20	jedoch
20	da
20	deshalb
19	diesem
18	ob
18	über
18	sollen
17	bis
17	etwas
17	einmal
17	sein
16	wenig
16	will
16	würde
16	zur
16	wo
16	wollen
16	müssen
16	eben
16	tun
15	alle
15	sollte
15	wieder
15	bereits
15	weil
15	kann
14	nur
14	vom
14	dazu
14	war
14	ziffer
14	machen
14	ihnen
14	mehr
14	dafür
13	hatte
13	viel
13	ab
13	keine
12	würden
12	stehen
12	denen
12	gehen
12	regierungsrats
12	kommen
12	gibt
12	eigentlich
12	mir
11	daher
11	jahren
11	geben
11	mich
11	dabei
11	sehr
11	möchte
11	muss
11	wäre
11	könnte
11	habe
11	unter
11	kein
10	ihn
10	heute
10	frage
10	wirklich
10	darum
10	selber
10	wohl
10	darauf
10	ziffern
10	doch
10	vor
10	solche
9	lassen
9	geht
9	anderen
9	1
9	gerade
9	ihre
9	besteht
9	welches
8	2
8	sieht
8	selbst
8	mussten
8	seien
8	gewesen
8	davon
8	schule
8	erhalten
8	nichts
8	vielmehr
8	gemäss
8	bin
8	handelt
8	gleich
8	...
8	sowie
8	zwei
8	denjenigen
8	eines
8	also
7	mal
7	sagt
7	genau
7	sodass
7	alles
7	allerdings
7	neu
7	andere
7	bern
7	sagen
7	darüber
7	ganz
7	nämlich
7	waren
7	möchten
7	gilt
7	müsse
7	kommt
7	zuerst
7	worden
7	aussenbeziehungen
7	sollten
7	während
7	kantons
7	bisschen
7	keinen
6	sinn
6	weitere
6	jeder
6	erst
6	kanton
6	ihr
6	seit
6	gemacht
6	gut
6	sehen
6	nein
6	regierungsrat
6	gesagt
6	weg
6	kosten
6	steht
6	fdpfraktion
6	gleichen
6	beste
6	gruppe
6	einfach
6	hätte
6	entsprechend
6	gab
6	daran
6	motion
6	halten
6	4
6	wonach
6	stimmen
6	meine
6	grossen
6	sprechen
5	anliegen
5	gründe
5	wollten
5	nennen
5	unserem
5	sicher
5	könne
5	konnte
5	seitens
5	hätten
5	grossrat
5	herr
5	je
5	svpfraktion
5	sicht
5	passiert
5	genügend
5	heisst
5	solle
5	ag
5	bitte
5	könnten
5	erwähnt
5	gemeinden
5	sonst
5	sondern
5	unseren
5	ohne
5	bak
5	wären
5	werde
5	nehmen
5	punkt
5	dieselbe
5	saal
5	bdp
5	diejenigen
5	drei
5	unser
5	weit
5	meiner
5	hinzu
5	warum
5	beiden
5	rahmen
5	zwar
5	richtung
5	weiss
5	schauen
4	lehnt
4	stadt
4	weiteren
4	denke
4	energieberatungsstellen
4	ihrer
4	lange
4	nimmt
4	weder
4	punkte
4	wobei
4	punkten
4	insel
4	daraufhin
4	gute
4	per
4	beispielsweise
4	schaffen
4	sinnvoll
4	umfasst
4	macht
4	gefordert
4	fragen
4	gesehen
4	jene
4	jahre
4	gesamte
4	hin
4	solcher
4	arbeiten
4	zusammen
4	notwendig
4	richtig
4	wichtigen
4	zurückkehren
4	neue
4	allen
4	ihren
4	liegen
4	gestalten
4	hatten
4	bww
4	sowohl
4	einige
4	somit
4	sak
4	müsste
4	jahr
4	grossrätin
4	deswegen
4	zumindest
4	mein
4	wer
4	hinaus
4	kantonen
4	vorstoss
4	danach
4	welcher
4	viele
4	ins
4	fall
4	beispiel
4	paar
4	rütti
4	nidau
4	unsere
4	geschäft
4	betrifft
4	ging
4	dagegen
4	bericht
4	vorhin
4	führen
4	forderungen
4	bund
4	gar
4	obwohl
4	landeskirchen
4	liegt
4	rats
4	geschäfte
4	brachte
4	ebenso
4	damals
3	betreffend
3	franken
3	zeiten
3	vielleicht
3	braucht
3	antwort
3	solchen
3	aufgrund
3	primarlehrerin
3	nfa
3	lehrermangel
3	gemeinde
3	qualität
3	wichtige
3	verschiedene
3	haargenau
3	enthaltungen
3	bik
3	meinung
3	männern
3	lässt
3	teil
3	glaube
3	kantonale
3	vorhanden
3	spvg
3	inselvertrags
3	rat
3	fenster
3	aufs
3	grosser
3	selbstanzeigen
3	samuel
3	ort
3	45
3	antrag
3	sinne
3	schliesslich
3	treffen
3	edufraktion
3	abgelehnt
3	wegen
3	20202023
3	finden
3	lager
3	bestehen
3	berner
3	sachen
3	geöffnet
3	tut
3	entsprechende
3	stets
3	drin
3	postulanten
3	seiner
3	seite
3	ebenfalls
3	erwähnten
3	immer
3	überprüfen
3	trägt
3	mitglieder
3	vieles
3	artenvielfalt
3	unserer
3	angebot
3	angehen
3	jede
3	spjusopsafraktion
3	bezeichnen
3	sache
3	wichtig
3	wissen
3	nochmals
3	jeweils
3	alleine
3	denselben
3	fest
3	annahme
3	dauert
3	entfernt
3	unterstützt
3	2018
3	bekommen
3	etwa
3	welchen
3	ärzte
3	kam
3	knaben
3	folgendes
3	dürfen
3	folgt
3	vorreiterrolle
3	fach
3	museum
3	meter
3	scheint
3	möglich
3	umfang
3	mittel
3	deren
3	chance
3	vier
3	kennen
3	hause
3	darin
3	thema
3	stimmte
3	stellen
3	gehört
3	grundsätzlich
3	gekommen
3	allem
3	bestreiten
3	bewilligung
3	gegen
3	bleibt
3	vorliegenden
3	eindrücklich
3	bfh
3	gesorgt
3	ihm
3	leuten
3	lesen
3	geschieht
3	photovoltaikstrom
3	beide
3	seinen
3	dadurch
3	shenzhen
3	kirchen
3	erstens
3	unseres
3	zudem
3	ziel
3	lang
3	vorliegende
3	konnten
3	stark
3	wahren
3	trotzdem
3	sehe
3	strom
3	verwendet
3	gestützt
3	regeln
3	diesbezüglich
3	folgen
3	weiterer
3	fdp
3	erinnern
3	verlangt
3	müssten
3	künftig
3	entgegengewirkt
3	tamedia
3	stellung
3	leistungen
3	strasse
3	diejenige
3	befinden
3	bauen
3	folge
3	möglichst
3	statt
2	stallneubau
2	erachten
2	zusammenfassend
2	äussern
2	gesetz
2	bietet
2	stimmten
2	dachte
2	intensiv
2	sozialsysteme
2	weniger
2	gsi
2	egovernment
2	asylg
2	gestiegen
2	wollte
2	seinem
2	zurzeit
2	anbelangt
2	wieso
2	regionalkonferenz
2	derselben
2	gebühren
2	experten
2	weiterkommen
2	geschrieben
2	verstehe
2	schnell
2	ausgeführt
2	demselben
2	derjenige
2	bezüglich
2	woche
2	wileroltigen
2	6
2	letzte
2	länge
2	einiges
2	andererseits
2	gebe
2	armee
2	entschuldigung
2	sauerei
2	aufzeigen
2	ergreifen
2	erfreut
2	innerhalb
2	umzusetzen
2	kampagne
2	sieben
2	2020
2	ortstafeln
2	taxigewerbe
2	rabatt
2	rechts
2	tatsächlich
2	versuchen
2	kreiseln
2	freiburger
2	erlernen
2	hört
2	13
2	anhin
2	fachhochschule
2	modern
2	ums
2	zeitdauer
2	vertrag
2	anders
2	geschehen
2	uber
2	sozialhilfeleistungen
2	prämienverbilligung
2	gründen
2	keiner
2	geschiebesammler
2	mädchenhaus
2	stammt
2	tages
2	feuerwehr
2	schlussendlich
2	dasselbe
2	leitende
2	geschiebe
2	svp
2	menschen
2	hand
2	hinweg
2	verhalten
2	niemandem
2	anwesend
2	mobilie
2	papier
2	meinen
2	einfluss
2	quellen
2	natürlich
2	entspricht
2	barcelona
2	trottoir
2	zeigt
2	ausserhalb
2	bester
2	masterplan
2	kaum
2	saanenland
2	jungen
2	pächtergemeinschaft
2	regionalkonferenzen
2	klammerbemerkung
2	fördern
2	bedenkt
2	10
2	aargau
2	anzunehmen
2	grössere
2	welch
2	bezahlen
2	führten
2	fast
2	irgendetwas
2	gäste
2	la
2	aufgeführt
2	gemeint
2	modells
2	zwischendialog
2	dauern
2	einzuführen
2	lammbachgraben
2	unterirdischen
2	ende
2	uberfahrer
2	inselvertrag
2	sonntage
2	zwanzig
2	richtige
2	dessen
2	gewisse
2	aktuelle
2	familie
2	zufriedenheit
2	anträgen
2	verweildauer
2	einzigen
2	gewinnstrebens
2	fordert
2	form
2	darf
2	fürs
2	verhältnisses
2	offenlegung
2	weshalb
2	genauer
2	neuen
2	reto
2	tiere
2	fraktion
2	brauche
2	hinweise
2	jemand
2	erscheint
2	geworden
2	gesetzen
2	anschlüsse
2	rasch
2	teilnahmerate
2	grundsätzliche
2	liebe
2	funktionierende
2	wiederhole
2	flossen
2	rahmenabkommens
2	anscheinend
2	verfügen
2	lammbach
2	nahm
2	visier
2	ressourcen
2	zeitpunkt
2	meinisberg
2	bekämpfung
2	betrieb
2	berücksichtigt
2	teilnahme
2	zeigte
2	mast
2	x
2	orten
2	wenige
2	bewohner
2	frechheit
2	verglichen
2	annehmen
2	bestehe
2	bord
2	schüler
2	clavaleyres
2	stelle
2	zürich
2	konsumentenvertreter
2	geltende
2	stärker
2	eu
2	nahe
2	system
2	1994
2	unternehmer
2	dezibel
2	25
2	entsorgt
2	damaligen
2	meist
2	laut
2	erfolg
2	ungefähr
2	verfolgt
2	käme
2	frühjahr
2	wirtschafts
2	zigeuner
2	mai
2	angestellten
2	postulat
2	linie
2	kindern
2	speziellen
2	aspekt
2	subsidiarität
2	fragenkatalog
2	darlegen
2	zwischendurch
2	stütze
2	100
2	ph
2	angenehm
2	ziehen
2	infrage
2	hervor
2	auge
2	sid
2	kinder
2	geld
2	masten
2	danken
2	fahrnisbauten
2	bestehende
2	chirurgen
2	führte
2	motionstext
2	umgerüstet
2	schlecht
2	grundlage
2	wechsel
2	seine
2	wolle
2	pom
2	zigarettenstummel
2	präfektur
2	hohen
2	setzt
2	aufzeigt
2	leib
2	all
2	verschiedenen
2	meines
2	wehren
2	tragen
2	randregionen
2	jährlichen
2	loben
2	verfügungen
2	läuft
2	auto
2	amtsblatts
2	entschieden
2	unterhielten
2	umweltzerstörung
2	chancengleichheit
2	gemeindegebiet
2	rechnung
2	schwanden
2	bewegt
2	gebaut
2	wolf
2	träumen
2	belassen
2	aktionärbindungsvertrag
2	mädchen
2	mehreren
2	erklärung
2	kamen
2	halte
2	gedauert
2	dankt
2	verbessern
2	zügig
2	schluss
2	erarbeiten
2	kollege
2	aussagen
2	fahren
2	bedarf
2	3
2	strassenumgestaltungsmassnahmen
2	fonds
2	billiger
2	projekte
2	14
2	bilden
2	belägen
2	geprüft
2	vermittelt
2	umgangs
2	erreichen
2	wen
2	eingereicht
2	jenen
2	dank
2	eigeninitiative
2	früher
2	bejune
2	efas
2	hilft
2	ersten
2	weiterhin
2	geplant
2	anstatt
2	sonnenschutz
2	hoch
2	zehn
2	lösung
2	entnehmen
2	freikirchen
2	allein
2	uni
2	erstaunt
2	gäbe
2	20
2	insofern
2	china
2	sorge
2	a
2	respektive
2	genannt
2	schafft
2	stellt
2	folgende
2	verfügung
2	hinblick
2	genannten
2	vorgenommen
2	ärztinnen
2	aufgreift
2	stand
2	fahrer
2	verkehrsteilnehmer
2	veterinärdienst
2	projekten
2	eigenverantwortung
2	einigen
2	dahingehend
2	entwicklung
2	hinsieht
2	machten
2	demnach
2	buchstabe
2	zweitens
2	kreisel
2	möglicherweise
2	oberaargau
2	aufstockung
2	ansicht
2	zeit
2	dementsprechend
2	bedeuten
2	gleichzeitig
2	veranstaltungen
2	bdpfraktion
2	hinausgeschoben
2	vereinzelte
2	unterhalt
2	region
2	abend
2	welchem
2	einbezogen
2	homöopathischen
2	sah
2	überall
2	akzeptieren
2	beteiligt
2	sogar
2	bestimmt
2	erstellt
2	erzielt
2	jedes
2	rücken
2	heraus
2	bräuchte
2	transitplatz
2	kulturförderung
2	übertriebene
2	asylsuchenden
2	mögliche
2	campussen
2	miteinander
2	erbringen
2	vorgesehen
2	entsprechen
2	deutsch
2	dinge
2	vornehmen
2	orientieren
2	laufend
2	möglichkeiten
2	eher
2	zugeteilt
2	suzanne
2	tessin
2	heterogen
2	beinhalten
2	fragwürdig
2	gb
2	jedenfalls
2	gehe
2	problemfälle
2	betreffende
2	aller
2	einzugreifen
2	sta
2	zentren
2	liessen
2	betroffenen
2	inselspital
2	gleiche
2	kommission
2	eltern
2	randregion
2	fahrenden
2	fand
2	ihrem
2	diesmal
2	2017
2	entwurf
2	vergangenen
2	schanze
2	verbauungen
2	bereich
2	klingt
2	knutti
2	wann
2	halt
2	formulierung
2	steuerertrag
2	öffentliche
2	stunde
2	abschreiben
2	idee
2	rede
2	beziehungsweise
2	nachher
2	medienbereich
2	liess
2	zahlen
2	suche
2	leuenberger
2	finanziell
2	hundert
2	bosnienherzegowina
2	sträucher
2	direkt
2	tapet
2	laufe
2	jeweiligen
2	zukommen
2	ärger
2	christentum
2	egger
2	smsb
2	insbesondere
2	bielbienne
2	anlass
2	rvk
2	quellwassers
2	vorgeschlagene
2	lehnen
2	forderung
2	inforama
2	erachtens
2	tätige
2	teilweise
2	rund
2	nara
2	benötigen
2	tönt
2	ergriffen
2	aktuell
2	einnimmt
2	erlasse
2	hinschauen
1	zweisäulenprinzip
1	werdende
1	mitberichte
1	betreuungspersonen
1	21
1	ausbildungsstätte
1	bohrt
1	struktur
1	eingeschlagen
1	kurzform
1	urkunde
1	antenne
1	zybach
1	street
1	züge
1	ergab
1	impulse
1	haas
1	regierungsratsantrags
1	aufgabenportfolios
1	schwerste
1	gefahrenkarten
1	verrutscht
1	durchschnittliche
1	chamber
1	grosse
1	wohnungsmangel
1	regionen
1	weitergehend
1	erstatten
1	schlosses
1	sparen
1	präsident
1	leitdämme
1	anbieter
1	80’000
1	passt
1	kurz
1	schützt
1	bundesgesetz
1	ausserdem
1	berücksichtigen
1	kostennutzenrechnung
1	liefert
1	beträfe
1	regierung
1	solches
1	steuergesetzes
1	bindend
1	asbestbelasteten
1	zulassung
1	gewählt
1	lehrersein
1	miteinzubeziehen
1	chemie
1	durchgegangen
1	richtlinie
1	bäregg
1	aussenseite
1	lärmintensive
1	verunmöglicht
1	vertrauen
1	dargestellt
1	schwarz
1	treuherzig
1	doppelte
1	abgeschlossene
1	nutzten
1	anstellen
1	mache
1	bankgeheimnisartikel
1	gesunde
1	schlechten
1	somalisch
1	verzögert
1	elemente
1	werthaltungen
1	emotionale
1	gymnasialen
1	erbringt
1	turnhallen
1	rosig
1	neuigkeiten
1	medizinstudenten
1	verlässlicher
1	ausweisentscheid
1	dampflokomotive
1	verlangte
1	wandlung
1	erkannt
1	ähnlicher
1	bevorstehende
1	mediengesetz
1	bestärken
1	höre
1	mittelzonen
1	prüfungsgebühren
1	anforderungen
1	gemeindespezifischen
1	fussball
1	wiederum
1	kapazitätsgründen
1	stützen
1	besten
1	anschauen
1	geschickt
1	einzubetten
1	spatz
1	ökologischer
1	evpvorstoss
1	warm
1	arabisch
1	partnern
1	erreicht
1	doppelmandate
1	umstellen
1	betreuung
1	kraftwerksgesellschaft
1	getretenes
1	vorbei
1	erstes
1	stehende
1	kritisch
1	angriffige
1	willkommene
1	ahvüberbrückungsrente
1	notunterkünfte
1	bahnangebot
1	laufställen
1	boxten
1	ausführlich
1	solange
1	zentrum
1	gschprängt
1	parteienfinanzierungen
1	sparmassnahmen
1	eigenen
1	siedlungsentwicklung
1	fachkräfte
1	anzuschaffen
1	lehrerlohn
1	moritz
1	erfolgen
1	vaters
1	photovoltaikanlage
1	kirchenaustritten
1	kommuniziert
1	orthopäden
1	schwarzpeterspiel
1	vermindern
1	beitrags
1	pendenzen
1	verbände
1	taten
1	news
1	wünschbaren
1	barriere
1	wissend
1	anonym
1	wehret
1	hüte
1	fliessen
1	spitäler
1	involvierten
1	verdankenswerter
1	emotional
1	flankierenden
1	zusätzliche
1	storen
1	wahr
1	blsbahnarealen
1	leitplanken
1	auswirkungen
1	endet
1	wohin
1	moser
1	ausnahmen
1	zweck
1	intensivsten
1	prämienverbilligungen
1	prüft
1	namen
1	fachhochschullandschaft
1	eisen
1	hobby
1	albanisch
1	verordnung
1	briefes
1	regelung
1	strategieszenarien
1	projekts
1	pourquoi
1	best
1	drg
1	2009
1	setzen
1	kienholzes
1	hinterste
1	clavaleyresgesetz
1	versehen
1	anbieten
1	mietverhältnisse
1	bezweifle
1	tristes
1	befassten
1	pausen
1	grünliberale
1	beabsichtigt
1	einmündungen
1	radiostudios
1	jungfraugruppe
1	faktoren
1	eindruck
1	privatbetrieben
1	aufzuzählen
1	belastung
1	naturhistorischen
1	neuesten
1	flugblatt
1	chef
1	herumschlagen
1	1980erjahre
1	kinderkrankheiten
1	switchen
1	jährlich
1	schynige
1	projekt
1	genehmigten
1	ausrufezeichen
1	werke
1	reaktion
1	onlinetaxianbieter
1	hob
1	artenschutz
1	beträge
1	wusste
1	kantonspolizei
1	genauso
1	ziegen
1	tiefverschreibungen
1	verursacht
1	annimmt
1	casemixindex
1	beiträge
1	sage
1	solarstrom
1	gleichzeitiger
1	enthält
1	grundzüge
1	worten
1	geschaffen
1	standen
1	ermöglicht
1	finanzieller
1	zugesteht
1	zwingenden
1	statistiken
1	vvgprämie
1	organisationen
1	unternehmung
1	taube
1	bundesebene
1	behaupten
1	vorträge
1	verein
1	unangetastet
1	nebenamtlichen
1	linke
1	vorbilder
1	monika
1	gesellt
1	grenzstrasse
1	einzige
1	wüste
1	gesetzgebungsarbeiten
1	selbstwertgefühl
1	marktorientierten
1	genug
1	verlorengehen
1	solarstroms
1	gemeinschaften
1	teuerungsausgleich
1	staatlicher
1	initiativen
1	kipfer
1	trigger
1	tarif
1	zigeunern
1	anerkennt
1	mängeln
1	merkte
1	geheimnis
1	grabungen
1	eigentum
1	februar2019
1	lösungen
1	predigen
1	botell<<unk>>n
1	unfallgefahr
1	neugeborenen
1	prioritär
1	bundes
1	aussenden
1	varizenoperationen
1	standesinitiativen
1	kontraindikation
1	enthaltenen
1	versucht
1	wiese
1	seen
1	merken
1	hingucken
1	nennenswerten
1	amtlichen
1	zündet
1	reif
1	greco
1	dreck
1	bkwchefin
1	grundpfeiler
1	hslu
1	stück
1	schulhaus
1	autoverkehr
1	jederzeit
1	leistungsfähigen
1	bildungssystem
1	36
1	rauchwarnmeldern
1	oben
1	gegenseitigen
1	standard
1	gesetzliche
1	worüber
1	emotionalem
1	amtierender
1	sanften
1	branchenstreiks
1	regelmässige
1	elektronische
1	kennenlernt
1	kostendeckend
1	diplom
1	heikler
1	social
1	fiel
1	kantone
1	betrachtet
1	anderer
1	bedürftige
1	tempo30zonen
1	stattgefunden
1	bestanden
1	physik
1	beratungsauftrag
1	stichworte
1	hsm
1	kartellabsprachen
1	pensionierung
1	wohnsitz
1	19
1	a1
1	wirkung
1	siedlungsgebietes
1	stagniert
1	zeuge
1	suva
1	kontinuität
1	verbesserten
1	geschätzter
1	christlichen
1	konzepte
1	europäische
1	geiss
1	zwingend
1	verkauf
1	baut
1	quoten
1	adressatenkreis
1	handlungsbedarf
1	biblischen
1	gas
1	outlier
1	schutz
1	streiks
1	verwendetem
1	hineingeflickt
1	banken
1	vollzugsverfahren
1	ausgedeutscht
1	werten
1	abschlag
1	broschüre
1	2g
1	detaillierungsgrad
1	ansteigen
1	chen
1	velofahrern
1	besserstellen
1	hiervon
1	anderes
1	zweifelsfall
1	rauchen
1	zukünftige
1	eingesetzt
1	gebeten
1	inzwischen
1	politischen
1	nebst
1	einmarsch
1	polizeistunde
1	woran
1	bevorzugten
1	befürwortern
1	nachts
1	autos
1	gebastelten
1	gegenüber
1	universitätsgebäude
1	anfällig
1	raus
1	geringe
1	doping
1	alt
1	gef
1	migrantenkirchen
1	tagesschulen
1	erhielt
1	reithalle
1	koexistenz
1	informationen
1	angeführt
1	steuergelder
1	mittlerweile
1	kontinuierlich
1	steuerzahler
1	gionen
1	reichen
1	vorzuschreiben
1	erfüllt
1	installiert
1	gegeneinander
1	ausgerichtet
1	sicherheitsgefühlt
1	bachelor
1	et
1	gesamtkosten
1	innen
1	beispielen
1	redaktionelle
1	voraus
1	fände
1	bekommt
1	bürokratie
1	sammel
1	bestrafung
1	gelebte
1	regierungsstatthalteramtnachgefragt
1	verständnisfragen
1	bewegung
1	175
1	südfassade
1	geschlechterdiskriminierung
1	produzieren
1	monatlich
1	assistent
1	niesenbahn
1	vollends
1	anträge
1	technischen
1	gewichten
1	luchsbestand
1	enge
1	lage
1	zuzustimmen
1	agr
1	zusammenzuarbeiten
1	vol
1	chaotensupport
1	nötig
1	marktanteile
1	solidaritätsgedanke
1	1945
1	international
1	wuchs
1	kulturelle
1	enkelkinder
1	medienberichten
1	räten
1	einig
1	behauptung
1	allfällige
1	umgelegt
1	ausgewählt
1	rückzugsorten
1	historischen
1	verabschiedet
1	wegkommt
1	ladenöffnungszeit
1	nacken
1	prämien
1	sauberen
1	sackgasse
1	stellten
1	pfälzerwald
1	februar
1	adrian
1	krise
1	empfiehlt
1	d’accepter
1	volk
1	anschaffen
1	bedarfsanalyse
1	schadstoffausstoss
1	bereinigt
1	lex
1	einsame
1	kaufmännischen
1	beiderseits
1	hausarzt
1	halbjährlichen
1	schutzdämme
1	finanzkontrolle
1	wirtschaftsflüchtlinge
1	arbeitslosenquoten
1	nachbarkanton
1	archäologischen
1	beurteilen
1	schlechtwetterentschädigungen
1	misstrauisch
1	lokal
1	erbe
1	nassräumen
1	setzte
1	frauenmänner
1	bedarfsnachweis
1	agglomerationsprogramme
1	stimmschlüssel
1	ridesharingapp
1	apostel
1	spitalleistungen
1	saniert
1	aufgehängt
1	bewerten
1	umsetzung
1	kompetenzen
1	b2
1	grösstenteils
1	vorstosses
1	ersatz
1	eingehen
1	teilnehmen
1	367
1	spital
1	bildungs
1	recht
1	zeichnen
1	dran
1	herkömmliche
1	kev
1	pro
1	ruhe
1	bedarfsgerechtes
1	nachdenken
1	psychiatrieprojektes
1	dorfteils
1	gebündeltes
1	geprägt
1	barrieren
1	bildungsstatistik
1	äusserungen
1	japanischen
1	regierungsantwort
1	weitgehend
1	nervenklinik
1	entgeltung
1	letzterer
1	lärmarmen
1	untrennbar
1	lyss
1	rechtsgelehrten
1	lese
1	melkstall
1	rektor
1	hält
1	selbstverständliches
1	kenntnis
1	zeitungsberichte
1	mamamundo
1	katastrophe
1	bernjurassischen
1	re
1	paarmal
1	bringt
1	nabe
1	bundesrecht
1	besondere
1	oehe
1	thoma
1	controllinggespräche
1	verabschiedeten
1	gestatten
1	express
1	absehbar
1	sozialberichts
1	hubert
1	samstag
1	vielmals
1	intensiver
1	maturitätsquoten
1	pdfdokument
1	vorbildlich
1	wohnte
1	thujahecken
1	umfassend
1	wildnis
1	nachgeschmack
1	festgestellt
1	information
1	inlier
1	gymnasium
1	ruchti
1	himmeltraurig
1	mehrmals
1	verabschieden
1	asthaufen
1	interesse
1	realisiert
1	frauen
1	belässt
1	gezogen
1	tankstellenshops
1	durchgezwungen
1	evpfraktion
1	prärie
1	punktes
1	wettbewerbsverzerrungen
1	störten
1	grünliberalen
1	sorry
1	gedacht
1	gesamtstaatlicher
1	subkommission
1	unterkunftsplätzen
1	gelinde
1	individuen
1	schadenersatzforderungen
1	begleiten
1	leisten
1	50’000
1	hochspezialisierten
1	85
1	sinnen
1	logischerweise
1	genaueres
1	kümmert
1	therapien
1	rindviehstall
1	gesteuert
1	moderators
1	neueintretenden
1	dauerten
1	einbauen
1	standorte
1	graber
1	ablauf
1	83
1	schwesterabkommens
1	spitals
1	entflechtung
1	islamistische
1	manchen
1	vergütet
1	blatt
1	exzessiven
1	üblichen
1	charakterfrage
1	kaputt
1	velofahrenden
1	hybrides
1	genommen
1	unverhältnismässig
1	nachkommen
1	wirtschaftsbetrüger
1	wert
1	bestimmungszweck
1	mittelbeschaffung
1	befunden
1	patenkinder
1	schutzes
1	fördervereine
1	klar
1	unnützen
1	tue
1	staatsverständnis
1	bezeugen
1	pellets
1	weggekommen
1	blickwinkeln
1	nötige
1	möglichste
1	leistet
1	music
1	auflagen
1	trainingsoperationen
1	denken
1	offen
1	lehne
1	jahrtausende
1	ballenbergdampfbahn
1	sandstein
1	feder
1	dato
1	höherem
1	verantworten
1	oh
1	brienz
1	ziegel
1	hauptpunkte
1	selbstbewusstsein
1	erneuerbaren
1	wirtschaftseinwanderer
1	einholen
1	gleichem
1	auslandeinsätze
1	brügg
1	gross
1	bricht
1	chocolat
1	platte
1	akzente
1	arbeite
1	stur
1	förderung
1	einander
1	unterbreitet
1	mühsamer
1	dargelegt
1	parkieren
1	grosszügige
1	durchgezogen
1	wettbewerb
1	fleissigen
1	ausnahme
1	zurücklegen
1	ansonsten
1	sämtliche
1	ständerätliche
1	chefärzte
1	beziehen
1	dennoch
1	direkter
1	festgehalten
1	schwimmunterricht
1	sicherheitskosten
1	richtigen
1	sozialhilfe
1	getroffen
1	fundierten
1	analysiert
1	strassenbau
1	überraschen
1	nationalrat
1	müsst
1	probleme
1	hirtennomaden
1	teilt
1	nächstes
1	massnahmen
1	sympathien
1	wärmeisolation
1	nachblutung
1	ii
1	bitten
1	stadtnomaden
1	jubiläum
1	strassenabschnitte
1	eignet
1	fragte
1	greift
1	mitplanen
1	bewilligte
1	ehemaliger
1	angemessener
1	jener
1	wasserbauprojekten
1	zugänglich
1	schaff‘
1	spjusopsa
1	gepflegte
1	universitätsklinik
1	stärke
1	hegg
1	reisezeiten
1	summen
1	kategorien
1	spirituosen
1	eingerahmter
1	autosteuern
1	umwelt
1	ausreicht
1	umbau
1	abstimmungsvorlagen
1	viergeschossige
1	aussagekräftige
1	mindestens
1	verständlich
1	kollaps
1	beschleicht
1	stetig
1	benachteiligte
1	stirb
1	quadratkilometer
1	universitätsabsolventen
1	velodieben
1	teuer
1	arbeitsverhältnisse
1	skontoabzug
1	beurteilung
1	schutzsuchenden
1	absatz
1	bescheid
1	wovon
1	teilen
1	interveniert
1	beginnt
1	ausbauen
1	normalem
1	drgpauschale
1	halben
1	mehrwert
1	freiburgischen
1	angebrochenen
1	lamm
1	unterscheiden
1	gebäude
1	artikeln
1	recycelbares
1	verletzen
1	viehbestand
1	ansinnen
1	abdeckt
1	aufarbeitung
1	medienunternehmen
1	geistlichen
1	schul
1	ausgesteuerte
1	setting
1	studenten
1	maxime
1	fritz
1	verdeutlicht
1	genützt
1	verkehrspädagogik
1	löffel
1	vorher
1	verdichtetem
1	empfehlen
1	hausverein
1	hinken
1	hervorragenden
1	vorwiegend
1	à
1	vergessen
1	subordinationsverhältnis
1	jawohl
1	einbau
1	weisse
1	hausarztmangel
1	repräsentative
1	verfasser
1	inselspitalstiftung
1	veröffentlichung
1	windräder
1	geberkanton
1	geforderte
1	folgenden
1	grunde
1	bereiche
1	zuletzt
1	facharzttitel
1	wirksamen
1	dienstjunger
1	vostrainformationen
1	total
1	huttwil
1	streit
1	147
1	lieber
1	untermauern
1	hinwegsehen
1	fördergefässen
1	eingesetzte
1	einstimmig
1	mitberichtsverfahren
1	verlierer
1	fuchs
1	kantonalen
1	falschen
1	leaderin
1	rumort
1	vorschlagen
1	einheimische
1	100prozentaktionär
1	längerfristig
1	gerber
1	unfallversicherungsanstalt
1	bedingungen
1	abgerissen
1	paulus
1	sture
1	abgeben
1	eidgenössischer
1	ernstwolfgang
1	bögen
1	vorstösse
1	organisationsmodelle
1	zahlt
1	hinfahren
1	loipenfahr
1	regulierungen
1	zusammennehmen
1	bemerkung
1	mitbewerbern
1	vorgegebenen
1	wozu
1	begangen
1	hoher
1	matin
1	anlaufen
1	lerch
1	zuhanden
1	highlight
1	rekordwerte
1	09
1	berneroberlandbahn
1	evangelisch
1	routinemässig
1	erarbeitet
1	behebung
1	eigenes
1	landeigentümer
1	tilgung
1	verkehrssicherheit
1	vollumfänglich
1	einforderung
1	item
1	ferienpässe
1	188
1	nord
1	gastgewerbebetreibende
1	zustande
1	anzuspornen
1	zöglinge
1	sprachförderungsangebote
1	hierhin
1	gelaufen
1	gewalt
1	museen
1	player
1	kostenteilers
1	lerchenweg
1	sechstklässler
1	klima
1	bauzeit
1	brisant
1	erwähnte
1	auftrag
1	konklusiv
1	bichsel
1	spontandemos
1	fussgängerstreifen
1	zusammenkommen
1	gestanden
1	baumstämmen
1	mittels
1	beihilfen
1	geflossen
1	33
1	gering
1	arten
1	bedauern
1	flora
1	zugänglichkeit
1	akzeptanz
1	dein
1	stufengerecht
1	boot
1	teile
1	uferbereichs
1	dorn
1	anzugehen
1	widerstand
1	individualverkehr
1	berieselung
1	feuerwerk
1	normales
1	verlässliches
1	grossmehrheitlich
1	verbuchen
1	ausrüstungen
1	selbstverständlich
1	auffangen
1	unsicheren
1	veränderungen
1	wasserstoffbetriebenes
1	danke
1	verfahrens
1	trend
1	begründung
1	genugtuung
1	ursprünglich
1	gehässige
1	ausreisser
1	aufgeführten
1	dreien
1	hinausgeschossen
1	zugestellt
1	mieten
1	dahin
1	berufsverbands
1	volkswirtschaftlicher
1	juristische
1	mühlheim
1	brennnesseln
1	säbelrasselnde
1	ungenügend
1	einschätzung
1	wahrnehmen
1	kurs
1	philippe
1	bankg
1	stillgelegten
1	gehörte
1	dritte
1	vorkommen
1	raucherfraktion
1	herüberbringen
1	digitale
1	bundessubventionen
1	bakguggisberg
1	5
1	interessensbindungen
1	alter
1	japan
1	fsg
1	millionensegen
1	seelandbielbienne
1	kommissionssitzung
1	unlängst
1	las
1	menge
1	kaminfegermonopols
1	befassen
1	sonderschulen
1	spezialanlässe
1	feiern
1	hielt
1	ballenberg
1	nume
1	zivil
1	chancengleich
1	bläst
1	grösstmögliche
1	bernois
1	abstimmungsdurchführung
1	ubs
1	beitrag
1	zeichnet
1	lokaler
1	loi
1	sozialwissenschaftlichen
1	prüfungsaufträge
1	verfahren
1	kirchgemeindestrukturen
1	nahmen
1	mitgliedern
1	pfadi
1	abgezäunt
1	singulär
1	opengovernmentportalen
1	offiziellen
1	gerne
1	schwarzen
1	karte
1	einbezahlen
1	rückwirkend
1	ganzen
1	freigestellt
1	150
1	mail
1	enthalten
1	freiwilligkeit
1	aufbauen
1	religionsstrategie
1	internen
1	ausschütten
1	svpdemo
1	vaterschafts
1	kennt
1	manche
1	interkommunale
1	herz
1	fehler
1	erstversorger
1	wöchnerinnen
1	eigenmietwert
1	einmündung
1	behörden
1	wahrheitsgetreuen
1	swiss
1	458
1	gesetze
1	open
1	gestrichener
1	einquartiert
1	vermögensrechtliche
1	ersatzneubau
1	ausbilden
1	tag
1	regierungsrätin
1	velorouten
1	aufgezeigt
1	umgeht
1	motionsforderung
1	assistierte
1	kollegen
1	weiterleben
1	journalismus
1	profiliert
1	feiertagen
1	gesucht
1	ähnlich
1	ausstossen
1	aufgabe
1	kmh
1	adieu
1	prozesses
1	arg
1	angleichen
1	neusten
1	gestresst
1	tagespresse
1	signiert
1	nennenswerte
1	unten
1	printbereich
1	anfrage
1	binggeli
1	nummer
1	tierschutzverordnung
1	webbasierten
1	tauglich
1	kirchlichen
1	low
1	weiterzugeben
1	anita
1	hintergrundberichten
1	fachfragen
1	grund
1	untermauert
1	schütteln
1	gültig
1	infrastruktur
1	drittel
1	vorüber
1	dosis
1	gegenteilige
1	vernünftige
1	logische
1	kleinreden
1	spricht
1	erste
1	digitalisierung
1	prüfungen
1	motivation
1	schicken
1	abertrotzdem
1	versus
1	spitzen
1	revision
1	sechs
1	kvgbereichs
1	hindernissen
1	schlank
1	sagte
1	nichtbeitritt
1	2016
1	klopfenstein
1	mietobjekten
1	erfahrung
1	kompass
1	anderweitig
1	berichten
1	vereinen
1	verfolgen
1	mitmacht
1	beharren
1	mitwirkungsverfahren
1	jouxdesponts
1	gegriffen
1	vorlegen
1	barrierefreies
1	irritiert
1	stolze
1	materialbeschaffung
1	geschützt
1	kgsg
1	internet
1	vorbeigeschleust
1	leute
1	werkunterricht
1	auszubügeln
1	remercie
1	formulieren
1	übertäter
1	wählen
1	bestünde
1	vorangegangenen
1	fensterrahmen
1	deal
1	wussten
1	demo
1	tom
1	sozialpolitisch
1	vieler
1	verputzter
1	übertragen
1	eingeführtes
1	breit
1	qu’elle
1	bekannten
1	baumängel
1	photovoltaikanlagen
1	bienen
1	fenstern
1	privatsache
1	detailplanungen
1	gastgewerbebetreiber
1	6a
1	nebelpetarden
1	konkurrenzierend
1	software
1	gstaad
1	vollzogen
1	auflagestarken
1	detailgeschäft
1	privatversicherte
1	werken
1	ankündigung
1	plakate
1	erheblicher
1	jugendlichen
1	ausgebaut
1	kompetenten
1	eingereichte
1	8eurolöhne
1	115
1	dienstleister
1	landschaftsschutz
1	kontakte
1	weitergeleitet
1	hinterher
1	geregelt
1	insekten
1	ordnungsdienst
1	hören
1	erbes
1	arbeitsuchenden
1	brönnimann
1	hing
1	heterogenen
1	gespart
1	bewilligenden
1	geschiebemassen
1	profitiert
1	auswirken
1	machte
1	ebene
1	anmerken
1	hiess
1	ausbau
1	romane
1	aktiven
1	märz
1	fortgeschrittenen
1	vergehen
1	wildbienenhaus
1	neuerdings
1	drgkatalogs
1	untersuchungen
1	aufwändige
1	aktivitäten
1	wegsperren
1	strebten
1	festivals
1	verweise
1	erfahrungen
1	öffentlichen
1	legitimierung
1	komitee
1	werte
1	köpfli
1	hut
1	saison
1	geschäfts
1	umzusiedeln
1	basisdemokratisch
1	freiberuflich
1	sichtvermindernden
1	eintretender
1	musik
1	jugendorganisationen
1	gern
1	fairen
1	dreizehn
1	betrachten
1	sportcamps
1	rechtfertigt
1	verlorengegangene
1	desto
1	nachzugehen
1	keinem
1	cmi
1	ausgaben
1	meinem
1	private
1	profitieren
1	zahl
1	schriftlich
1	enorm
1	ausgedrückt
1	finanz
1	beinahe
1	besetzungen
1	eignungsprüfung
1	grossereignisse
1	wegbringen
1	engländer
1	branchen
1	hunderttausende
1	verwirrend
1	medizinisches
1	oktober
1	langweiliges
1	gesetzesentwurf
1	vermehrt
1	intervallen
1	gerechtfertigt
1	hingegen
1	feld
1	stärksten
1	gegeben
1	auszahlt
1	steckdosen
1	subventionieren
1	europäischen
1	wtschv
1	oft
1	kultushandlungen
1	jenem
1	tage
1	schläuchen
1	immobilie
1	kofferung
1	verkehrskoordination
1	arena
1	abspricht
1	ausgesprochen
1	vorausschicken
1	auszuspielen
1	entgegenbringen
1	freinächte
1	abstützen
1	interessant
1	triftmauer
1	hauptsächlichen
1	immensen
1	bringe
1	vorbereitungen
1	rates
1	brustkrebsvorsorge
1	sachwerte
1	jan
1	arbeitsunfähigkeiten
1	herausforderungen
1	elf
1	luginbühl
1	umgezogen
1	vorlehre
1	qualitätsausschüssen
1	präventive
1	anderwei
1	nr
1	angeht
1	befindet
1	seltsame
1	monatslohn
1	bernbrünnen
1	unmittelbarer
1	uneingeschränkt
1	bauwagen
1	genutztem
1	beachtung
1	unionsbürgerrichtlinie
1	hunde
1	beobachten
1	schläft
1	erklären
1	stösst
1	fünf
1	nehme
1	zentraler
1	wasserstoff
1	ersetz
1	austauschen
1	erlebte
1	falsche
1	schnelllebigen
1	beeinflusst
1	beantworten
1	ortsunabhängig
1	folgten
1	grossräten
1	abfordert
1	werner
1	andern
1	märzsession
1	pfarrstellen
1	verengungen
1	selbstanzeige
1	abriegelung
1	ergebnisoffen
1	leichen
1	fakir
1	belastbarer
1	kostenersparnis
1	französische
1	reden
1	betrug
1	boltigenzweisimmen
1	bundesgerichtlicher
1	trister
1	gesundheits
1	keuschen
1	ehrlich
1	experimente
1	nachbarkantonen
1	behutsam
1	zementstein
1	hochmotivierten
1	mehrheitlich
1	teilnahmen
1	längs
1	umsetzen
1	weist
1	tiefen
1	bereitzustellen
1	glpfraktion
1	entlöhnt
1	ordentliche
1	skipisten
1	imboden
1	ereignet
1	erachte
1	verzichteten
1	spezialisten
1	schlechter
1	ferienpass
1	verantwortung
1	ereignisse
1	lebenshaltungs
1	schweizer
1	unterschätzt
1	j+s
1	blinde
1	smarter
1	bundeshauptstadt
1	allgenmein
1	notfallversorgung
1	transformation
1	gräbt
1	mais
1	herausforderung
1	kesb
1	spruch
1	internetzugang
1	vermieter
1	2019
1	ortsverträglicher
1	gemerkt
1	referenzzinssatz
1	ratifizierung
1	departement
1	stapel
1	riesenproblem
1	lehnte
1	öv
1	ausführlicher
1	zustimmung
1	gegner
1	311
1	medienvielfalt
1	krebsliga
1	später
1	935
1	sinngemäss
1	erkenntnisse
1	legen
1	gygax
1	kehricht
1	bürokratietiger
1	privilegien
1	bve
1	hände
1	neutral
1	indem
1	g5netz
1	hineinkommen
1	wein
1	gemeinnützigen
1	ipcc
1	bemerkt
1	gras
1	aöv
1	ärzteverbänden
1	gefasst
1	0
1	weise
1	6462
1	verhandlungsgeschick
1	entlasten
1	finanzierungsquellen
1	übernimmt
1	säkularisierte
1	schien
1	ter
1	ganztagesschule
1	verurteilt
1	heutigem
1	umzupolen
1	achten
1	situation
1	aussitzen
1	lehrerlöhnen
1	lief
1	hängematte
1	abendlandes
1	taxifahrer
1	anfängen
1	herausholt
1	felsspalten
1	stellenwert
1	kategorisieren
1	angriff
1	bereichen
1	konflikt
1	h
1	erstellen
1	marti
1	freien
1	bankangestellten
1	eingriff
1	rollmaterial
1	gewinnbringend
1	rüegsegger
1	einbringen
1	näher
1	klares
1	sonntagsspaziergang
1	berappen
1	gehaltssteigerung
1	sprachkurse
1	muggli
1	verbraucht
1	unerlässliche
1	kältere
1	sancar
1	belegbarere
1	unterdurchschnittlicher
1	nationalen
1	anschaut
1	strategie
1	komplizierte
1	fürsorgedirektor
1	anwendet
1	or
1	empfohlen
1	fasst
1	hinschaut
1	lagen
1	wegzug
1	bekannt
1	herauskristallisiert
1	streitpunkte
1	vorsieht
1	massenscreening
1	aufgebaut
1	aufsichtsmodells
1	steuergesetz
1	aufgestellte
1	einfachheit
1	eins
1	monopollockerung
1	bagatellen
1	verschreibungen
1	sogenanntes
1	sonderzügli
1	komplex
1	tolerant
1	beleg
1	türkisch
1	verpflichtungskredite
1	ferienbetreuung
1	dinglichkeit
1	j+skurse
1	2011
1	mädchenhouse
1	volksvorschlag
1	motionäre
1	konsumentenforum
1	gestrichen
1	kittfugen
1	akteure
1	oberlands
1	heimatland
1	eidgenössischen
1	verkehr
1	planungsregionen
1	attraktivität
1	bündnerland
1	junglehrer
1	gav
1	heissen
1	millionen
1	strafen
1	wenigerfahren
1	leiten
1	rückweisungsantrag
1	englisch
1	kompromiss
1	wirksames
1	altersheimen
1	lärmreduktionen
1	steuerdetektive
1	klagt
1	maskiert
1	angefasst
1	fängt
1	jugend
1	brauchen
1	gelernt
1	sprich
1	start
1	stellenprozente
1	anzahl
1	neuhaus
1	stau
1	arbeit
1	arzt
1	tägliches
1	finanzpolitische
1	überschüttet
1	meccano
1	begleitmassnahmen
1	roossi
1	erlauben
1	gezwungen
1	gewährt
1	sachlichen
1	stufe
1	ausreichend
1	neurologen
1	ausschankzeiten
1	unerwartet
1	einwohnergemeinde
1	begraben
1	ausgiebig
1	sachlage
1	vielfahrern
1	lösungsentwicklungen
1	notfalldienstpflichtig
1	urne
1	vernissage
1	hinein
1	neben
1	beantrag
1	horn
1	behörde
1	zusammenkam
1	aussenpolitischen
1	standplatzmieten
1	demnächst
1	wegnehmen
1	einbürgerungswilligen
1	natur
1	kleinstgemeinde
1	erhöhen
1	ausmass
1	preisgünstigem
1	genügten
1	stundenkilometern
1	bkw
1	typischer
1	erreichbar
1	ablagerungsraum
1	beschränken
1	kostenlos
1	ernst
1	attraktiven
1	gelder
1	erlebt
1	moutier
1	tba
1	planeten
1	durften
1	zeichen
1	lediglich
1	sprechunterlagen
1	fauna
1	absturzsicher
1	vordergrund
1	nachachtung
1	strassenabschnitten
1	medizinischen
1	finanzbedarfsabklärungen
1	entlässt
1	gesundheitscheck
1	arbeitern
1	hausbesuchen
1	server
1	konsens
1	bedürfnissen
1	vakuum
1	universitätsleitung
1	einfahrtsgeschwindigkeiten
1	ergibt
1	hofwil
1	beiziehen
1	marktfremde
1	letzter
1	anzuwendende
1	hypothekarzinse
1	schilthornrestaurant
1	fachhochschulen
1	spreche
1	aufweichen
1	beratungen
1	folgte
1	westasts
1	fähig
1	lokalen
1	derartige
1	starker
1	gegenseitige
1	nutzen
1	bau
1	finanzhilfen
1	wien
1	schulstuben
1	direkte
1	apfel
1	grossräte
1	brot
1	stärkt
1	entsprechender
1	semesterferien
1	vielen
1	beraten
1	verantwortlichen
1	generalstreik
1	berät
1	überbrücken
1	vermögensteuern
1	auszuführen
1	statthalter
1	besetzt
1	zurechtzufinden
1	säule
1	sauberer
1	bilde
1	flyer
1	andreas
1	präsent
1	schutzplätzen
1	stadtratsdebatte
1	schwangere
1	ipccbericht
1	lars
1	behinderte
1	transplantationsmediziner
1	niederschmetternd
1	goutiert
1	schutzgesetz
1	faktisch
1	einsieht
1	gewandelt
1	schneller
1	chefarztlohn
1	querulatorischen
1	52
1	rehabilitiert
1	025
1	vorrednerin
1	entlang
1	mehrfachobjekt
1	stg
1	partizipation
1	practice
1	50
1	etappenweisen
1	fallertrag
1	einsparung
1	strahlenbelastung
1	zugfahrzeugen
1	26
1	decke
1	durchgeht
1	bjr
1	geschweige
1	belaufen
1	leer
1	lesekompetenzen
1	tief
1	newskonsum
1	empfinde
1	programm
1	komponente
1	systemisch
1	reformwillen
1	vorgelegt
1	anzubieten
1	radfahrer
1	fischalter
1	gangbaren
1	einkommen
1	festen
1	linienverknüpfung
1	diskutierende
1	aufgenommen
1	periodisch
1	selbständige
1	spürbar
1	bereit
1	gärten
1	gesundheitswesens
1	nachmittag
1	pendlerinnen
1	riesengrosse
1	gewisser
1	erfahrene
1	diente
1	speziell
1	ausgeschöpft
1	quellensteuer
1	rolle
1	ausreichende
1	voraussetzung
1	schätze
1	de
1	postschalter
1	linken
1	machbarkeitsstudie
1	schafrisse
1	landeskirche
1	werbemassnahmen
1	anbie
1	verbrechen
1	behandlungen
1	nahen
1	fehlenden
1	knappem
1	fünfzig
1	j+smaximalbetrag
1	fuder
1	emmental
1	mühlheimmüllerherren
1	projektentwurf
1	gelegenheit
1	aufbürdet
1	erhöht
1	fotovoltaikanlagen
1	taugt
1	jgk
1	globalbudget
1	mehrwegbücher
1	bildungsgängen
1	konkurriert
1	gastronomie
1	hofstetten
1	begrüssen
1	screening
1	musste
1	priorität
1	qualitativem
1	befanden
1	festlegen
1	heimbewohnerinnen
1	stossen
1	not
1	schlussfolgerungen
1	eventuelle
1	fühlen
1	stringent
1	kelle
1	nid
1	gesamtschweizerisch
1	geschafft
1	lüge
1	schulungsraum
1	führt
1	bundesbeitrag
1	dannzumal
1	stärkeres
1	übertragung
1	2c
1	kommissionsabstimmung
1	nichtstaatlichen
1	politik
1	unabhängigen
1	beurteilt
1	schlussabende
1	erwirb
1	skilager
1	app
1	pflegeheime
1	politisches
1	erzieherische
1	subventionierten
1	sek
1	aufzunehmen
1	wahrscheinlich
1	gesamtkantonal
1	helfen
1	sozialversicherungsbeiträgen
1	davor
1	angesichts
1	nachgesetzt
1	länger
1	benutzt
1	hinten
1	duden
1	angebotenen
1	gelände
1	basel
1	anzurichten
1	detaillierten
1	annecaroline
1	christlichabendländischen
1	höchstgeschwindigkeit
1	internationale
1	abgesehen
1	121125
1	verzeiht
1	einfamilienhäusern
1	jordi
1	knechten
1	fährt
1	krankenkasse
1	besitzer
1	offenbar
1	passieren
1	festtagen
1	überlegung
1	regionalspital
1	landwirtschaftlichen
1	tcs
1	bemerkbar
1	planiergrien
1	1980erjahren
1	reduzierten
1	weiteres
1	motivieren
1	bedroht
1	listen
1	825
1	spracherwerbs
1	mobilitätskonzept
1	co
1	mandeln
1	anlässen
1	soziale
1	stirbt
1	ausgehen
1	entlohnung
1	studer
1	gleichwohl
1	beruf
1	busfahrer
1	gewichtige
1	einsatzes
1	bauten
1	vcs
1	steppe
1	ebensogut
1	ohnehin
1	unternehmensstrategie
1	charakterstärke
1	duale
1	vorangetrieben
1	beitragen
1	lohnpfändungen
1	waldwirtschaft
1	angebracht
1	immens
1	planierraupen
1	polizeipersonalverbands
1	werkbeiträgen
1	klassengrössen
1	schulareale
1	lösungsvorschläge
1	vorgängig
1	untragbar
1	dreissig
1	floss
1	abplanalp
1	toleriert
1	verhindern
1	unterdrückt
1	titelbenennungen
1	kantonseigenen
1	etc
1	tribüne
1	leistungserbringer
1	legt
1	oberstes
1	geschah
1	satzteil
1	unternehmen
1	anfangsmieten
1	legislaturperiode
1	landeskirchengesetz
1	jura
1	politikfinanzierung›
1	vorwärts
1	begriffen
1	erfreuliche
1	source
1	aufgespielt
1	befürwortet
1	stiftet
1	absicherung
1	bewilligt
1	spitzenlöhne
1	zustimmen
1	rené
1	geldes
1	filles
1	tabellenschwanz
1	menschenhandels
1	pisten
1	moment
1	industriegebiets
1	zahnarzttarife
1	vierzig
1	adelboden
1	terrorisiert
1	matura
1	geknüpft
1	vorauseilendem
1	niedrigeren
1	dreihubelquartier
1	betreiben
1	unbegleitete
1	stoppen
1	zeitlich
1	prozenten
1	tobler
1	wilderswil
1	attraktiver
1	finanzanalyse
1	berufsschulen
1	damen
1	solothurn
1	pendeln
1	eliten
1	besseren
1	projektwoche
1	ergeben
1	ferienhausbesitzer
1	bestätigte
1	spannend
1	institution
1	antrieben
1	schwanzbeisser
1	fahrzeugen
1	nationalfondsstudie
1	bequem
1	rbs
1	unterstützen
1	wolfsrissen
1	auer
1	nachbarn
1	aussehen
1	16
1	wehrt
1	laufendem
1	zugangs
1	raubtier
1	klüger
1	verlusten
1	beizufügen
1	werbung
1	entscheide
1	erhebe
1	möchtegernkultur
1	nischenangebote
1	1894
1	spekulanten
1	endlich
1	systemimmanent
1	einmischt
1	touristischer
1	be
1	day
1	entfalten
1	feuchtstandorte
1	schwellenkorporationen
1	kettiger
1	geeigneten
1	vereinfacht
1	deponiestandorte
1	lkwfahrer
1	17jährige
1	leistungsvereinbarung
1	changer
1	eingelöst
1	gotthelfzentrums
1	negative
1	nachbarländer
1	tätigen
1	abzuwarten
1	strich
1	schlichtweg
1	sommerflieder
1	nachdem
1	weiterzugehen
1	lehrlinge
1	entscheidungen
1	mitglied
1	dringende
1	konolfingen
1	meiste
1	schwergewichtsbildung
1	geleistet
1	posthalter
1	unterrichten
1	vorgaben
1	köniz
1	leiden
1	finanzkommission
1	günstiger
1	alleinselige
1	entbehrt
1	verweis
1	anlagen
1	union
1	kunden
1	festgelegt
1	angeboten
1	zweckgebundene
1	mittragen
1	votum
1	linien
1	eröffneten
1	erweisen
1	fraktionen
1	null
1	vorhandene
1	pomdirektor
1	ausrüstungsteile
1	gingen
1	steigen
1	weswegen
1	verpflichtet
1	erwägung
1	besichtigt
1	eingriffen
1	rechtsvertreter
1	späterer
1	plätze
1	holt
1	überlassen
1	eingerichtet
1	ton
1	sozialdiensten
1	3g
1	obergeschoss
1	energiewende
1	blieben
1	amt
1	agglomerationsprogrammen
1	abstimmungen
1	steine
1	sendeleistung
1	anonyme
1	unlauterem
1	vernunft
1	vous
1	getragen
1	dasjenige
1	potenzielle
1	wildtierschutz
1	verübt
1	bümpliz
1	umso
1	gewohnt
1	beschluss
1	200’000
1	gebieten
1	qualitätsstandard
1	erosion
1	baumann
1	landeskirchenrecht
1	eingibt
1	ungültig
1	breiten
1	verbundenen
1	genehmigung
1	eigentümer
1	traue
1	probiert
1	dürfe
1	politisch
1	doppelten
1	verbindlicher
1	anerkennung
1	telle
1	externe
1	anzapft
1	dorfes
1	ambulanten
1	tiefpreisgarantie
1	eis
1	beruhigt
1	östlichen
1	kommissionen
1	bestqualifizierte
1	ihres
1	überzeugt
1	leipziger
1	erneuert
1	campusse
1	gesinnt
1	herausgegeben
1	richten
1	basis
1	gesamtkirche
1	zweckmässig
1	nächsten
1	betrieben
1	velodiebstähle
1	bürogebäude
1	irgendwelche
1	80
1	nützt
1	christopher
1	verfolgte
1	deutlich
1	momentane
1	bundesparlamentariern
1	hev
1	übereinstimmend
1	finanziellen
1	billigflüge
1	teilhabe
1	konsequenzen
1	amtssprachen
1	zunächst
1	wissenschaftliche
1	fahrfähigen
1	wegweisung
1	abbaumöglichkeiten
1	innert
1	fortschritte
1	fungieren
1	ohr
1	drücken
1	schüleraustausche
1	unterliegen
1	verbandelungen
1	erfolgsgeschichte
1	gemeindelandschaften
1	innenausbau
1	gesprächs
1	fahrende
1	wenigen
1	gemassregelt
1	schliche
1	verwaltungsräten
1	solch
1	antwortet
1	trams
1	kannfeiertags
1	verwirrung
1	gemeindevertreter
1	vernachlässigt
1	wochenende
1	entscheid
1	kriegerischer
1	gesinnungswandel
1	standortbestimmung
1	geordneten
1	wand
1	hansjörg
1	zusatzmassnahmen
1	medienförderung
1	hinsichtlich
1	gewachsen
1	rauchwarnmelder
1	zurück
1	einzig
1	holz
1	gegenteil
1	unternehmertum
1	französich
1	management
1	betont
1	teurer
1	abgeltungen
1	benötigten
1	privat
1	tieflohnbranchen
1	taxifahrern
1	stärkster
1	abgeklärt
1	fanden
1	lasten
1	felsspalte
1	hirslanden
1	abgegeben
1	raumplanung
1	vorredners
1	rosinenpicker
1	wofür
1	lkg
1	auspressen
1	art
1	schweinen
1	kontrolle
1	komme
1	provisorien
1	woher
1	eigentliche
1	körperlichen
1	24stundenberatungsangebots
1	schwerverkehrszentrum
1	kommissionsmehrheit
1	schrittchen
1	staatstragenden
1	brienzkienholz
1	55prozentigen
1	wallis
1	weitaus
1	fotos
1	geschichtchen
1	mitunterzeichnende
1	aufzählung
1	amtsinhaber
1	gigabyte
1	gemeindewesen
1	skilifte
1	jahres
1	tiefer
1	eingespeistem
1	schach
1	getäuscht
1	sport
1	hineinlassen
1	amtsvorsteher
1	undichten
1	gesundheitsbereichs
1	angestellt
1	generelle
1	fehlender
1	unterschiedlichsten
1	wege
1	schlimmsten
1	bisweilen
1	ep
1	organisation
1	äussere
1	ausstellung
1	rpgrevision
1	direktere
1	1896
1	bundesrats
1	mindest
1	unnötige
1	unitobler
1	ausnahmefälle
1	wahlkampf
1	jünger
1	drauflegt
1	gemildert
1	abgestützten
1	zukommt
1	stromrechnungen
1	umsetzten
1	nachhinein
1	zeile
1	gelichzeitig
1	ambulant
1	vorliegen
1	umgesetzt
1	grünen
1	verschlechtert
1	szb
1	kantonsverwaltung
1	böckenförde
1	steigt
1	engagement
1	leitsätze
1	zukunftsgerichtete
1	festlegung
1	müller
1	alternativen
1	landesgrenzen
1	grossratsbeschluss
1	versicherungen
1	zurückgehalten
1	ärztegeneration
1	begutachtet
1	bevorstehenden
1	reformierten
1	dorf
1	probieren
1	hervorgesucht
1	alors
1	gaben
1	spende
1	selbstzweck
1	unternimmt
1	zusätzlich
1	verkauft
1	screeningprogramm
1	interview
1	riesige
1	44
1	gefallen
1	sicherheitsbedenken
1	krankenkassenprämien
1	euch
1	gesundheitskosten
1	24fachen
1	verfassung
1	sichern
1	spitzenmedizin
1	begrüsst
1	gegenargument
1	berichtet
1	öfter
1	48stundenwoche
1	kenne
1	liegenschaftssteuer
1	aufzuheben
1	anmieten
1	klimapolitik
1	hauptstadt
1	kostengewicht
1	leistungsverträgen
1	umzuhören
1	beteiligten
1	verkehrsklub
1	neuer
1	knapp
1	korrigieren
1	vorjahre
1	vorgeschlagenen
1	1000
1	rechtzeigt
1	kulturprojekte
1	prospekt
1	missglückte
1	restaurationsbetriebe
1	professorentitel
1	worum
1	instandsetzung
1	partizipierenden
1	el
1	unihockeytrainer
1	biel
1	übertrieben
1	deutschen
1	wahlkampfgeldern
1	hauptgebäude
1	bav
1	urlaubs
1	angesprochene
1	schweizerischen
1	kommissionssprecherin
1	begegnen
1	bruttokosten
1	delegiert
1	verhaltens
1	erhofft
1	gesprächen
1	sagten
1	grossem
1	entfernen
1	bücher
1	ermöglichen
1	strassen
1	niemand
1	freinehmen
1	hochtouren
1	wärmedämmung
1	hervorragende
1	plötzlich
1	gnägi
1	sonstwo
1	deutschsprachigen
1	bundesliste
1	lauter
1	vertraulicher
1	prioritäten
1	abstimmung
1	hinzukommt
1	administrative
1	aufmerksamkeit
1	mutwillig
1	dossier
1	entsprechenden
1	brustkrebsscreeningprogramm
1	deutet
1	hängt
1	genf
1	einerseits
1	nachhaltigen
1	gestalteten
1	pachtzinseinnahmen
1	kenntnissen
1	deut
1	4100
1	ausgabeverpflichtung
1	bestehenden
1	zweifle
1	bandbreite
1	sockelbeitrag
1	schaue
1	bildnerisches
1	neubauprojekt
1	begründet
1	seeland
1	letzten
1	platz
1	heben
1	12
1	lehrmittelobligatorium
1	einst
1	weltanschaulichen
1	wild
1	liegehallen
1	filmförderung
1	teilnehmenden
1	flughöhe
1	neinstimmen
1	auslandsvermögen
1	ausgangslage
1	rekrutiert
1	wirrwarr
1	nephrologen
1	geeignete
1	kantonaler
1	75
1	beachten
1	flughafen
1	tote
1	bachab
1	publizistische
1	hinnehmen
1	entwirrt
1	name
1	motorräder
1	knien
1	kulturangebote
1	perdu
1	beachtet
1	halbjährliche
1	tankstellennetz
1	benzinsteuer
1	geschätzten
1	zerhäckseln
1	podiumsdiskussionen
1	sauren
1	stockwerkeigentümergesellschaften
1	steuerdaten
1	beschliessen
1	bereichert
1	bernfribourg
1	gegenwärtig
1	weitergeflogen
1	abgehandelt
1	nicola
1	recycelt
1	zeitnäher
1	antworten
1	kräfte
1	absätzen
1	vorlag
1	rednern
1	vermehrte
1	vonseiten
1	tagen
1	einwirken
1	gewillt
1	abklärung
1	wertvolle
1	konsumverhalten
1	hinweis
1	präsenzzeit
1	hauptfassade
1	aufmerksam
1	bescheidene
1	datenaustausch
1	morgen
1	missachtung
1	nennt
1	austarierteren
1	strassennetzes
1	gekoppelt
1	kuhhorninitiative
1	sanierungsetappe
1	sachbeschädigungen
1	gedruckte
1	getan
1	zahlungen
1	studentenzahlen
1	fehlanreize
1	explizit
1	meuron
1	daneben
1	zwischen
1	versicherer
1	2012
1	parlamentsdebatte
1	konkret
1	vorgesprächen
1	argumente
1	derartigen
1	stange
1	feststellen
1	letztendlich
1	nehmerkanton
1	cogesetz
1	stutzig
1	gehorsam
1	fachmittelschule
1	sprachzertifikate
1	regio
1	bedingung
1	superergebnis
1	grossratskollegin
1	gämsen
1	etappen
1	kinderbetreuung
1	notfallpauschale
1	bezahlte
1	höhe
1	3820
1	kirche
1	absoluter
1	flüchtlingsströmen
1	heuer
1	käser
1	vornherein
1	434
1	sortieren
1	kdk
1	prüfung
1	bulle
1	formulierte
1	übung
1	wachsen
1	lernenden
1	kosteneffizienz
1	berechnungsformel
1	taxi
1	triage
1	digital
1	regulieren
1	soeben
1	unterzeichnet
1	fallzahlen
1	verwaltung
1	schneeräumung
1	einsparungen
1	24
1	lieblingstier
1	geburt
1	ökologische
1	beschlossen
1	optimal
1	weiterentwicklung
1	knochen
1	einzeln
1	junge
1	bestanerkannte
1	ausland
1	berufe
1	gewerblich
1	koeffizienten
1	back
1	fairer
1	bundesstaats
1	gegenübers
1	öffnungszeiten
1	rechtsprechung
1	artikel
1	trachselwald
1	sparwillen
1	unwesentlichen
1	stattfinden
1	übersee
1	version
1	opferhilfe
1	patiententriage
1	biss
1	unpolitisches
1	interessen
1	einstelligen
1	attraktiv
1	vorzunehmen
1	kindersoldaten
1	haltung
1	tig
1	verzichtet
1	vergleichsweise
1	fällig
1	schwer
1	personal
1	benutzbar
1	heimbewohner
1	berechnet
1	soksrichtlinien
1	arzttermine
1	steuerzahlern
1	verantwortungsvolle
1	einfachere
1	kontrollieren
1	sofortsanierungen
1	fledermauskasten
1	fachleuten
1	geniesst
1	bauch
1	universität
1	belag
1	bussen
1	korrekterweise
1	bedeutung
1	rechte
1	liegengelassener
1	zahl‘
1	vorgekommen
1	unterstreiche
1	anfordern
1	eilt
1	prêles
1	interessenseinflussnahme
1	paritätische
1	explodierten
1	prüfenswert
1	1603
1	regelt
1	01012017
1	jetzigen
1	nachschauen
1	falls
1	kvg
1	effektiv
1	inhaltlich
1	regel
1	abstimmen
1	ausdehnung
1	begleitgruppe
1	steuern
1	bäche
1	neuregelegung
1	schwierige
1	höchst
1	abteilung
1	nachgefragt
1	asphalt
1	bezahlt
1	auszuüben
1	strombörse
1	vertag
1	entscheiden
1	prämienanstieg
1	russen
1	offensichtlich
1	junker
1	tiefe
1	pensen
1	zufriedenstellend
1	stunden
1	besorgnis
1	arbeitslosengeld
1	ce
1	ansprüchen
1	überzeugung
1	schwerpunkte
1	vorausgesagt
1	aufgebrummt
1	ausgabenbewilligungen
1	hebammenruf
1	enklave
1	halber
1	umzugehen
1	inspirierend
1	verdienten
1	wichtigkeit
1	experte
1	erwartet
1	asylzentren
1	sonnenstrom
1	irgendwie
1	direkten
1	stärken
1	her
1	anlässlich
1	krebsvorsorge
1	traditionelle
1	geeigneter
1	beruhen
1	lebenszyklus
1	heutigen
1	effizienz
1	gestatte
1	überhaupt
1	dient
1	abendstunden
1	zwangsweise
1	vergolden
1	rasenmähern
1	girls
1	hundebiss
1	hierher
1	studiengangs
1	finde
1	fünfundzwanzig
1	hund
1	bereitet
1	reformschritte
1	unwesentlicher
1	verschiedener
1	hinter
1	uniform
1	dünkt
1	sozialstrategie
1	bachbett
1	nichtsdestotrotz
1	anschliessend
1	lehrerberufs
1	gefahrenbereich
1	neutralen
1	weitestgehend
1	kontinuierlichen
1	hörte
1	warte
1	dialoge
